{
  "runtimeOptions": {
    "tfm": "net10.0",
    "rollForward": "Major",
    "frameworks": [
      {
        "name": "Microsoft.NETCore.App",
        "version": "10.0.0"
      },
      {
        "name": "Microsoft.AspNetCore.App",
        "version": "10.0.0"
      }
    ],
    "configProperties": {
      "System.Globalization.Invariant": true,
      "System.Globalization.PredefinedCulturesOnly": false,
      "System.Reflection.Metadata.MetadataUpdater.IsSupported": false,
      "System.Runtime.Serialization.EnableUnsafeBinaryFormatterSerialization": false
    }
  }
}